<?xml version="1.0" encoding="UTF-8" standalone="yes"?>
<addon id="repository.soritv" name="[COLOR blue]SoriTV [/COLOR][COLOR white] Repository [/COLOR]" version="1.1.0" provider-name="Jmsori">
    <extension point="xbmc.addon.repository" name="Soritv  Repository">
        <info compressed="false">https://raw.githubusercontent.com/Jmsori/repository.soritv/master/addons.xml</info>
        <checksum>https://raw.githubusercontent.com/repository.soritv/master/addons.xml.md5</checksum>
        <datadir zip="true">https://raw.githubusercontent.com/repository.soritv/master</datadir>
    </extension>
    <extension point="xbmc.addon.metadata">
        <summary>soritv repository</summary>
		<description>Repositorio Sori Channel TV  </description>
        <description lang="en">Sori Channel TV repository</description>
		<disclaimer></disclaimer>
        <platform>all</platform>
    </extension>
</addon>
